{"mean": [8.767981993459609, 76.3857465613723, 7.063532035513995, 29.971400390221852, 8.980866848173918, 8.98518102691177, 1.4303625185500246, 6.062177720894711, 6.499643989903836, 4.522590406263873, 1.2283171759916227, 2.419408376909964, -0.08046345208139796, 0.6313372492432748, 0.8540467266117998, 1.4357267671659681, -1.151931424390068, 1.0473819617249756, -1.2579489171282163, 0.3744466962349586], "std": [77.34027085376968, 19.43959951356502, 15.064017879283305, 12.683333144134561, 9.751736380123788, 8.801034564300375, 7.538166284871903, 7.163839360098833, 7.667106297429261, 6.7511683798589415, 6.906880800816228, 6.890074603795893, 7.143879248819459, 7.329766188293666, 7.223396873497024, 6.864336010688844, 7.626868040316707, 8.164154402999333, 8.179457972179312, 8.002178069834969]}